term,rank,track,artists,album,release_date,minutes,explicit,url
last 4 weeks,1,warning signs (interlude),Ariana Grande,petal,2026-07-31,1.29,False,https://open.spotify.com/track/0cJRr7kw5FkV5e8ejEB2j6
last 4 weeks,2,Sapphire (feat. Arijit Singh) - Remix,Ed Sheeran; Arijit Singh,Play (Extended Edition),2025-09-12,3.01,False,https://open.spotify.com/track/2f9mI9NbGhBpHWIAVcgNOs
last 4 weeks,3,Prada,The Doorbeen; Shreya Sharma,Prada,2026-08-03,3.09,False,https://open.spotify.com/track/3cdEx2rKrEdZ2Vj3AcSDt2
last 4 weeks,4,Dancing On My Own,Robyn,Body Talk,2010-01-01,4.76,False,https://open.spotify.com/track/6aqNCrRA7vs7v6QvRpI50t
last 4 weeks,5,like i do,Ariana Grande,petal,2026-07-31,2.79,True,https://open.spotify.com/track/3d1oTMjtfVySbAYQp3v4MU
last 4 weeks,6,kiss me,Ariana Grande,petal,2026-07-31,3.66,False,https://open.spotify.com/track/0lok0VDJn0zRvHLBCITSSw
last 4 weeks,7,big feelings,Ariana Grande,petal,2026-07-31,2.89,True,https://open.spotify.com/track/6MFSqc8pzXlwfzXqWZEKd4
last 4 weeks,8,bad thing (bunny hop),Ariana Grande,petal,2026-07-31,3.47,True,https://open.spotify.com/track/4zmXWmILSBkn7gTvIyCiNi
last 4 weeks,9,never get over me,Ariana Grande,petal,2026-07-31,3.81,True,https://open.spotify.com/track/55srcWA7TioKV0LZVNXltY
last 4 weeks,10,oh well,Ariana Grande,petal,2026-07-31,3.27,False,https://open.spotify.com/track/5DZOKNtaoVEssXu9ltcMjx
last 4 weeks,11,"nowhere, nobody",Ariana Grande,petal,2026-07-31,2.87,False,https://open.spotify.com/track/5JbnupagBhD0AanbkCELdH
last 4 weeks,12,Hills,AP Dhillon,Two Hearts Never Break The Same,2022-10-07,2.67,False,https://open.spotify.com/track/6SPLYHHBN0dKGaoD2Jcccs
last 4 weeks,13,freak,Ariana Grande,petal,2026-07-31,3.33,True,https://open.spotify.com/track/6QhsCYcFdfyMbPWCiViI8K
last 4 weeks,14,hate that i made you love me,Ariana Grande,petal,2026-07-31,3.3,False,https://open.spotify.com/track/3iy2QuCtCzpWnR6tia39AB
last 4 weeks,15,Who Says,Selena Gomez & The Scene,When The Sun Goes Down,2011-01-01,3.26,False,https://open.spotify.com/track/3TcL0dyCMyr0kyTTc4NLgI
last 4 weeks,16,petal,Ariana Grande,petal,2026-07-31,3.07,True,https://open.spotify.com/track/70pVCVMGjmIWPbWXDwf11e
last 4 weeks,17,stay,Ariana Grande,petal,2026-07-31,2.47,False,https://open.spotify.com/track/0QltPqkR4dnhbINyBOU5SY
last 4 weeks,18,Hands To Myself,Selena Gomez,Revival (Deluxe),2015-10-09,3.34,False,https://open.spotify.com/track/3CJvmtWw2bJsudbAC5uCQk
last 4 weeks,19,the cure,Olivia Rodrigo,you seem pretty sad for a girl so in love,2026-06-12,4.95,True,https://open.spotify.com/track/55pBIZO1cqoldeqpp5WR7H
last 4 weeks,20,"Good Luck, Babe!",Chappell Roan,"Good Luck, Babe!",2024-04-05,3.64,False,https://open.spotify.com/track/0WbMK4wrZ1wFSty9F7FCgu
last 4 weeks,21,Con Calma - Remix,Daddy Yankee; Katy Perry; Snow,Con Calma (Remix),2019-04-19,3.02,False,https://open.spotify.com/track/4au7FRcgZzChASRYu279xH
last 4 weeks,22,Break Free,Ariana Grande; Zedd,My Everything (Deluxe),2014-08-22,3.58,False,https://open.spotify.com/track/12KUFSHFgT0XCoiSlvdQi4
last 4 weeks,23,Be My Baby,Ariana Grande; Cashmere Cat,My Everything (Deluxe),2014-08-22,3.62,False,https://open.spotify.com/track/0fonaf88IEDQM309zmU80L
last 4 weeks,24,Problem,Ariana Grande; Iggy Azalea,My Everything (Deluxe),2014-08-22,3.23,False,https://open.spotify.com/track/7vS3Y0IKjde7Xg85LWIEdP
last 4 weeks,25,"Dil Hi Toh Hai - From ""The Sky Is Pink""",Pritam; Arijit Singh; Antara Mitra; Nikhil D'Souza,Bollywood Hits By Pritam,2023-06-09,4.67,False,https://open.spotify.com/track/52Bp8AebdOqaZAb7UqAgiL
last 4 weeks,26,7 rings,Ariana Grande,"thank u, next",2019-02-08,2.98,True,https://open.spotify.com/track/6ocbgoVGwYJhOv1GgI9NsF
last 4 weeks,27,Best Mistake,Ariana Grande; Big Sean,My Everything (Deluxe),2014-08-22,3.9,False,https://open.spotify.com/track/70yhaHLp9STtzI2Kzba6Tr
last 4 weeks,28,One Last Time,Ariana Grande,My Everything (Deluxe),2014-08-22,3.29,False,https://open.spotify.com/track/7xoUc6faLbCqZO6fQEYprd
last 4 weeks,29,Break Your Heart Right Back,Ariana Grande; Childish Gambino,My Everything (Deluxe),2014-08-22,4.22,False,https://open.spotify.com/track/0HGcQDbRen8luCnwH53sNl
last 4 weeks,30,Love Me Harder,Ariana Grande; The Weeknd,My Everything (Deluxe),2014-08-22,3.94,False,https://open.spotify.com/track/5J4ZkQpzMUFojo1CtAZYpn
last 4 weeks,31,Arz Kiya Hai | Coke Studio Bharat,Anuv Jain,Arz Kiya Hai | Coke Studio Bharat,2025-08-20,4.91,False,https://open.spotify.com/track/1bMkimTb47umgNP6xCi4A1
last 4 weeks,32,Intro,Ariana Grande,My Everything (Deluxe),2014-08-22,1.33,False,https://open.spotify.com/track/0qMNPhpRzbghJy6G3SgRag
last 4 weeks,33,Run Down The City - Monica,Shashwat Sachdev; Reble; Asha Bhosle; R. D. Burman; Majrooh Sultanpuri,Dhurandhar,2025-12-05,2.35,False,https://open.spotify.com/track/5NK3IhIeIXQmOKK5EiSRra
last 4 weeks,34,what’s wrong with me,Olivia Rodrigo; Robert Smith,you seem pretty sad for a girl so in love,2026-06-11,3.75,False,https://open.spotify.com/track/2e3YJ6Hm8tR5L5Zy8HzOtv
last 4 weeks,35,Treacherous,Taylor Swift,Red (Deluxe Edition),2012-10-22,4.01,False,https://open.spotify.com/track/0XfOV7qY3834QpFVwOb6CC
last 4 weeks,36,drop dead,Olivia Rodrigo,you seem pretty sad for a girl so in love,2026-06-11,3.75,False,https://open.spotify.com/track/3fRCAPMMZ8l8P9YKI6OCzD
last 4 weeks,37,Why Try,Ariana Grande,My Everything (Deluxe),2014-08-22,3.53,False,https://open.spotify.com/track/40fHWRL8bKcl5J4t4OKUiW
last 4 weeks,38,Just A Little Bit Of Your Heart,Ariana Grande,My Everything (Deluxe),2014-08-22,3.88,False,https://open.spotify.com/track/5lvnGiTAH9BVlJLHc0DXZz
last 4 weeks,39,Hands On Me,Ariana Grande; A$AP Ferg,My Everything (Deluxe),2014-08-22,3.2,False,https://open.spotify.com/track/1rNop31kdDmSj3Ds6xhIeS
last 4 weeks,40,Bed (feat. Ariana Grande),Nicki Minaj; Ariana Grande,Queen,2018-08-10,3.16,True,https://open.spotify.com/track/3L4GsGLgxpHieVQH86H8bv
last 4 weeks,41,My Everything,Ariana Grande,My Everything (Deluxe),2014-08-22,2.81,False,https://open.spotify.com/track/4eumFsTnduH3zRfaASoAPs
last 4 weeks,42,Confident - Single Version,Justin Bieber; Chance the Rapper,Journals,2013-01-01,4.14,False,https://open.spotify.com/track/6czM6UMQD9qE5GAUp68oud
last 4 weeks,43,my way,Olivia Rodrigo,you seem pretty sad for a girl so in love,2026-06-12,3.01,True,https://open.spotify.com/track/4Ilw2lD6z4WBqh65vUUZUf
last 4 weeks,44,Jutti Meri - Live,Neha Bhasin,Jutti Meri (Live),2020-03-16,3.47,False,https://open.spotify.com/track/6v4OWxDDulyvjWfRXPjA8Y
last 4 weeks,45,I Knew You Were Trouble.,Taylor Swift,Red,2012-10-22,3.63,False,https://open.spotify.com/track/72jCZdH0Lhg93z6Z4hBjgj
last 4 weeks,46,Wo Noor,AP Dhillon,Two Hearts Never Break The Same,2022-10-07,3.32,False,https://open.spotify.com/track/32FVH23yFXr8Z0sfjRw4It
last 4 weeks,47,"Nadiyon Paar (Let the Music Play Again) (From ""Roohi"")",Sachin-Jigar; Rashmeet Kaur; Shamur; IP Singh,"Nadiyon Paar (Let the Music Play Again) [From ""Roohi""]",2021-03-03,2.73,False,https://open.spotify.com/track/2PEo8JQ48mfEv8a2HLqDvt
last 4 weeks,48,stupid song,Olivia Rodrigo,you seem pretty sad for a girl so in love,2026-06-11,3.49,False,https://open.spotify.com/track/49j6SvuvWfbEKZKzsHCdLJ
last 4 weeks,49,Dress,Taylor Swift,reputation,2017-11-10,3.84,False,https://open.spotify.com/track/6oVxXO5oQ4pTpO8RSnkzvv
last 4 weeks,50,Bang Bang,Jessie J; Ariana Grande; Nicki Minaj,Sweet Talker (Deluxe Version),2014-10-10,3.32,False,https://open.spotify.com/track/0puf9yIluy9W0vpMEUoAnN
last 6 months,1,stupid song,Olivia Rodrigo,you seem pretty sad for a girl so in love,2026-06-11,3.49,False,https://open.spotify.com/track/49j6SvuvWfbEKZKzsHCdLJ
last 6 months,2,drop dead,Olivia Rodrigo,you seem pretty sad for a girl so in love,2026-06-11,3.75,False,https://open.spotify.com/track/3fRCAPMMZ8l8P9YKI6OCzD
last 6 months,3,like i do,Ariana Grande,petal,2026-07-31,2.79,True,https://open.spotify.com/track/3d1oTMjtfVySbAYQp3v4MU
last 6 months,4,Babydoll,Dominic Fike,"Don't Forget About Me, Demos",2018-10-16,1.63,False,https://open.spotify.com/track/7yNf9YjeO5JXUE3JEBgnYc
last 6 months,5,warning signs (interlude),Ariana Grande,petal,2026-07-31,1.29,False,https://open.spotify.com/track/0cJRr7kw5FkV5e8ejEB2j6
last 6 months,6,7 rings,Ariana Grande,"thank u, next",2019-02-08,2.98,True,https://open.spotify.com/track/6ocbgoVGwYJhOv1GgI9NsF
last 6 months,7,Thinking Bout You,Ariana Grande,Dangerous Woman,2016-04-01,3.34,True,https://open.spotify.com/track/1UujO43qVZnWObydH4MLT5
last 6 months,8,the cure,Olivia Rodrigo,you seem pretty sad for a girl so in love,2026-06-12,4.95,True,https://open.spotify.com/track/55pBIZO1cqoldeqpp5WR7H
last 6 months,9,bad thing (bunny hop),Ariana Grande,petal,2026-07-31,3.47,True,https://open.spotify.com/track/4zmXWmILSBkn7gTvIyCiNi
last 6 months,10,Break Free,Ariana Grande; Zedd,My Everything (Deluxe),2014-08-22,3.58,False,https://open.spotify.com/track/12KUFSHFgT0XCoiSlvdQi4
last 6 months,11,Work Bitch,Britney Spears,Britney Jean (Deluxe Version),2013-11-30,4.13,True,https://open.spotify.com/track/3KliPMvk1EvFZu9cvkj8p1
last 6 months,12,NOBODY'S GIRL,Tate McRae,SO CLOSE TO WHAT??? (deluxe),2025-11-19,2.8,False,https://open.spotify.com/track/3B2ZpJeewPvhAkjXtTkdtJ
last 6 months,13,positions,Ariana Grande,Positions,2020-10-30,2.87,True,https://open.spotify.com/track/35mvY5S1H3J2QZyna3TFe0
last 6 months,14,my way,Olivia Rodrigo,you seem pretty sad for a girl so in love,2026-06-12,3.01,True,https://open.spotify.com/track/4Ilw2lD6z4WBqh65vUUZUf
last 6 months,15,bloodline,Ariana Grande,"thank u, next",2019-02-08,3.61,True,https://open.spotify.com/track/2hloaUoRonYssMuqLCBLTX
last 6 months,16,kiss me,Ariana Grande,petal,2026-07-31,3.66,False,https://open.spotify.com/track/0lok0VDJn0zRvHLBCITSSw
last 6 months,17,Prada,The Doorbeen; Shreya Sharma,Prada,2026-08-03,3.09,False,https://open.spotify.com/track/3cdEx2rKrEdZ2Vj3AcSDt2
last 6 months,18,GIRLS,The Kid LAROI,THE FIRST TIME (DELUXE VERSION),2024-08-09,2.55,True,https://open.spotify.com/track/6WhwHYd38f4ZB2CefpDgLo
last 6 months,19,Into You,Ariana Grande,Dangerous Woman,2016-04-01,4.07,False,https://open.spotify.com/track/76FZM38RC8XaAjJ77CVTNe
last 6 months,20,big feelings,Ariana Grande,petal,2026-07-31,2.89,True,https://open.spotify.com/track/6MFSqc8pzXlwfzXqWZEKd4
last 6 months,21,bad idea,Ariana Grande,"thank u, next",2018-02-07,4.45,False,https://open.spotify.com/track/7EQpvVujgytLVY8vKiDHAg
last 6 months,22,Sapphire (feat. Arijit Singh) - Remix,Ed Sheeran; Arijit Singh,Play (Extended Edition),2025-09-12,3.01,False,https://open.spotify.com/track/2f9mI9NbGhBpHWIAVcgNOs
last 6 months,23,never get over me,Ariana Grande,petal,2026-07-31,3.81,True,https://open.spotify.com/track/55srcWA7TioKV0LZVNXltY
last 6 months,24,"nowhere, nobody",Ariana Grande,petal,2026-07-31,2.87,False,https://open.spotify.com/track/5JbnupagBhD0AanbkCELdH
last 6 months,25,Siren sounds (bonus),Tate McRae,So Close To What,2025-02-20,3.06,False,https://open.spotify.com/track/6A18pcBX8QZGwI8EkR7aIP
last 6 months,26,Dancing On My Own,Robyn,Body Talk,2010-01-01,4.76,False,https://open.spotify.com/track/6aqNCrRA7vs7v6QvRpI50t
last 6 months,27,Earrings,Malcolm Todd,Sweet Boy,2024-04-05,2.52,False,https://open.spotify.com/track/0eAuGrXyGFYwur9ARUe7LJ
last 6 months,28,ghostin,Ariana Grande,"thank u, next",2018-02-07,4.52,False,https://open.spotify.com/track/4lD7gHKF1e8Y9stQuVezZB
last 6 months,29,Kiss It Better,Rihanna,ANTI (Deluxe),2016-01-28,4.22,True,https://open.spotify.com/track/0UHB9METy4VCXNgkcGqHqS
last 6 months,30,just like magic,Ariana Grande,Positions,2020-10-30,2.5,True,https://open.spotify.com/track/7Dx9Z6Aon1qPS2N0rHSWTe
last 6 months,31,what’s wrong with me,Olivia Rodrigo; Robert Smith,you seem pretty sad for a girl so in love,2026-06-11,3.75,False,https://open.spotify.com/track/2e3YJ6Hm8tR5L5Zy8HzOtv
last 6 months,32,Dil Nu,AP Dhillon; Shinda Kahlon,Two Hearts Never Break The Same,2022-10-07,3.89,False,https://open.spotify.com/track/7AsG1F1eMWd17RYan8M3Wm
last 6 months,33,nasty,Ariana Grande,Positions,2020-10-30,3.35,True,https://open.spotify.com/track/0sci7ppTZFm4mjcH3nu8yO
last 6 months,34,Why Try,Ariana Grande,My Everything (Deluxe),2014-08-22,3.53,False,https://open.spotify.com/track/40fHWRL8bKcl5J4t4OKUiW
last 6 months,35,Just A Little Bit Of Your Heart,Ariana Grande,My Everything (Deluxe),2014-08-22,3.88,False,https://open.spotify.com/track/5lvnGiTAH9BVlJLHc0DXZz
last 6 months,36,in my head,Ariana Grande,"thank u, next",2019-02-08,3.72,True,https://open.spotify.com/track/4T652DlATVHe0jdLKaN3Bw
last 6 months,37,freak,Ariana Grande,petal,2026-07-31,3.33,True,https://open.spotify.com/track/6QhsCYcFdfyMbPWCiViI8K
last 6 months,38,west side,Ariana Grande,Positions,2020-10-30,2.2,False,https://open.spotify.com/track/1whfVLMKWqAX3uk97VXsNN
last 6 months,39,past life,Ariana Grande,eternal sunshine deluxe: brighter days ahead,2025-03-28,3.6,True,https://open.spotify.com/track/2MIpkAQVJqQIDf9k4YWoHR
last 6 months,40,pov,Ariana Grande,Positions,2020-10-30,3.36,False,https://open.spotify.com/track/3UoULw70kMsiVXxW0L3A33
last 6 months,41,hate that i made you love me,Ariana Grande,petal,2026-07-31,3.3,False,https://open.spotify.com/track/3iy2QuCtCzpWnR6tia39AB
last 6 months,42,34+35,Ariana Grande,Positions,2020-10-30,2.9,True,https://open.spotify.com/track/6Im9k8u9iIzKMrmV7BWtlF
last 6 months,43,petal,Ariana Grande,petal,2026-07-31,3.07,True,https://open.spotify.com/track/70pVCVMGjmIWPbWXDwf11e
last 6 months,44,oh well,Ariana Grande,petal,2026-07-31,3.27,False,https://open.spotify.com/track/5DZOKNtaoVEssXu9ltcMjx
last 6 months,45,Touch It,Ariana Grande,Dangerous Woman,2016-04-01,4.33,False,https://open.spotify.com/track/6WikCGNUbXFmXoLre7vjeW
last 6 months,46,motive (with Doja Cat),Ariana Grande; Doja Cat,Positions,2020-10-30,2.8,True,https://open.spotify.com/track/5GkQIP5mWPi4KZLLXeuFTT
last 6 months,47,Bed (feat. Ariana Grande),Nicki Minaj; Ariana Grande,Queen,2018-08-10,3.16,True,https://open.spotify.com/track/3L4GsGLgxpHieVQH86H8bv
last 6 months,48,Hills,AP Dhillon,Two Hearts Never Break The Same,2022-10-07,2.67,False,https://open.spotify.com/track/6SPLYHHBN0dKGaoD2Jcccs
last 6 months,49,Hands To Myself,Selena Gomez,Revival (Deluxe),2015-10-09,3.34,False,https://open.spotify.com/track/3CJvmtWw2bJsudbAC5uCQk
last 6 months,50,goodnight n go,Ariana Grande,Sweetener,2018-08-17,3.16,True,https://open.spotify.com/track/14kYOiFVPb7E7NfFbqhdln
all time,1,Run Down The City - Monica,Shashwat Sachdev; Reble; Asha Bhosle; R. D. Burman; Majrooh Sultanpuri,Dhurandhar (Original Motion Picture Soundtrack),2025-12-05,2.35,True,https://open.spotify.com/track/7dU0cwMHeo1ECqxSsjoh5j
all time,2,Thinking Bout You,Ariana Grande,Dangerous Woman,2016-05-20,3.34,True,https://open.spotify.com/track/28tmK8wkE9y1UHdBKLd0nA
all time,3,eternal sunshine,Ariana Grande,eternal sunshine,2024-03-08,3.5,False,https://open.spotify.com/track/3RwWW7KeVhHGayYJgUL5eZ
all time,4,like JENNIE,JENNIE,Ruby,2025-03-07,2.06,True,https://open.spotify.com/track/0fK7ie6XwGxQTIkpFoWkd1
all time,5,we can't be friends (wait for your love),Ariana Grande,eternal sunshine,2024-03-08,3.81,False,https://open.spotify.com/track/51ZQ1vr10ffzbwIjDCwqm4
all time,6,everytime,Ariana Grande,Sweetener,2018-08-17,2.87,True,https://open.spotify.com/track/0WdR2AyLW1Drd3OUdwezM0
all time,7,One Last Time,Ariana Grande,My Everything (Deluxe),2014-08-22,3.29,False,https://open.spotify.com/track/7xoUc6faLbCqZO6fQEYprd
all time,8,bloodline,Ariana Grande,"thank u, next",2019-02-08,3.61,True,https://open.spotify.com/track/2hloaUoRonYssMuqLCBLTX
all time,9,positions,Ariana Grande,Positions,2020-10-30,2.87,True,https://open.spotify.com/track/35mvY5S1H3J2QZyna3TFe0
all time,10,bad idea,Ariana Grande,"thank u, next",2018-02-07,4.45,False,https://open.spotify.com/track/7EQpvVujgytLVY8vKiDHAg
all time,11,stupid song,Olivia Rodrigo,you seem pretty sad for a girl so in love,2026-06-12,3.49,False,https://open.spotify.com/track/4LfCY65LvojKjWEnU7fNN4
all time,12,in my head,Ariana Grande,"thank u, next",2019-02-08,3.72,True,https://open.spotify.com/track/4T652DlATVHe0jdLKaN3Bw
all time,13,7 rings,Ariana Grande,"thank u, next",2019-02-08,2.98,True,https://open.spotify.com/track/6ocbgoVGwYJhOv1GgI9NsF
all time,14,nasty,Ariana Grande,Positions,2020-10-30,3.35,True,https://open.spotify.com/track/0sci7ppTZFm4mjcH3nu8yO
all time,15,like i do,Ariana Grande,petal,2026-07-31,2.79,True,https://open.spotify.com/track/3d1oTMjtfVySbAYQp3v4MU
all time,16,Kinni Kinni,Diljit Dosanjh; thiarajxtt,Ghost,2023-09-29,3.56,False,https://open.spotify.com/track/3F3ZuXYFXGM1V6pk3b3zmi
all time,17,drop dead,Olivia Rodrigo,you seem pretty sad for a girl so in love,2026-06-12,3.75,False,https://open.spotify.com/track/0yO9QD2Ga7eUzqnNYsSSPo
all time,18,obvious,Ariana Grande,Positions,2020-10-30,2.45,True,https://open.spotify.com/track/0q85C1JiECyYIQthz1posA
all time,19,Wolves,Selena Gomez; Marshmello,Wolves,2017-10-25,3.3,False,https://open.spotify.com/track/0tBbt8CrmxbjRP0pueQkyU
all time,20,west side,Ariana Grande,Positions,2020-10-30,2.2,False,https://open.spotify.com/track/1whfVLMKWqAX3uk97VXsNN
all time,21,goodnight n go,Ariana Grande,Sweetener,2018-08-17,3.16,True,https://open.spotify.com/track/14kYOiFVPb7E7NfFbqhdln
all time,22,That’s So True,Gracie Abrams,The Secret of Us (Deluxe),2024-10-18,2.77,True,https://open.spotify.com/track/7ne4VBA60CxGM75vw0EYad
all time,23,Moonlight,Ariana Grande,Dangerous Woman,2016-05-20,3.37,False,https://open.spotify.com/track/1qcJdr8TYuGjFhjRoYNC3e
all time,24,São Paulo (feat. Anitta),The Weeknd; Anitta,Hurry Up Tomorrow,2025-01-31,5.03,True,https://open.spotify.com/track/7DY756WOLyOz2Xnhw4EFiC
all time,25,pov,Ariana Grande,Positions,2020-10-30,3.36,False,https://open.spotify.com/track/3UoULw70kMsiVXxW0L3A33
all time,26,Knew Better / Forever Boy,Ariana Grande,Dangerous Woman,2016-05-20,4.99,False,https://open.spotify.com/track/1ywoy5kdf2LsG2019ClGjm
all time,27,Babydoll,Dominic Fike,"Don't Forget About Me, Demos",2018-10-16,1.63,False,https://open.spotify.com/track/7yNf9YjeO5JXUE3JEBgnYc
all time,28,Touch It,Ariana Grande,Dangerous Woman,2016-05-20,4.33,False,https://open.spotify.com/track/7rlKlsYacU3PFLGD7ca1HL
all time,29,Hate Me (with Juice WRLD),Ellie Goulding; Juice WRLD,Hate Me (with Juice WRLD),2019-06-26,3.1,False,https://open.spotify.com/track/6kls8cSlUyHW2BUOkDJIZE
all time,30,run for the hills,Tate McRae,THINK LATER,2023-12-08,2.4,True,https://open.spotify.com/track/51hyZpbJlIgZIaX3TtMxmu
all time,31,Kiss It Better,Rihanna,ANTI (Deluxe),2016-01-28,4.22,True,https://open.spotify.com/track/0UHB9METy4VCXNgkcGqHqS
all time,32,needy,Ariana Grande,"thank u, next",2019-02-08,2.86,True,https://open.spotify.com/track/1TEL6MlSSVLSdhOSddidlJ
all time,33,God is a woman,Ariana Grande,Sweetener,2018-08-17,3.29,True,https://open.spotify.com/track/5OCJzvD7sykQEKHH7qAC3C
all time,34,"Good Luck, Babe!",Chappell Roan,"Good Luck, Babe!",2024-04-05,3.64,False,https://open.spotify.com/track/0WbMK4wrZ1wFSty9F7FCgu
all time,35,Needed Me,Rihanna,ANTI (Deluxe),2016-01-28,3.19,True,https://open.spotify.com/track/4pAl7FkDMNBsjykPXo91B3
all time,36,warning signs (interlude),Ariana Grande,petal,2026-07-31,1.29,False,https://open.spotify.com/track/0cJRr7kw5FkV5e8ejEB2j6
all time,37,NOBODY'S GIRL,Tate McRae,SO CLOSE TO WHAT??? (deluxe),2025-11-21,2.8,False,https://open.spotify.com/track/2oPCpj9ezVq5D6IJNAGkL2
all time,38,imagine,Ariana Grande,"thank u, next",2019-02-08,3.54,True,https://open.spotify.com/track/39LmTF9RgyakzSYX8txrow
all time,39,Yellow,Coldplay,Parachutes,2000-07-10,4.45,False,https://open.spotify.com/track/3AJwUDP919kvQ9QcozQPxg
all time,40,boyfriend (with Social House),Ariana Grande; Social House,boyfriend,2019-08-02,3.1,True,https://open.spotify.com/track/0Ryd8975WihbObpp5cPW1t
all time,41,better off,Ariana Grande,Sweetener,2018-08-17,2.86,True,https://open.spotify.com/track/3NbTQ8ZbHU6MSEVUFAVCJ9
all time,42,"Shararat (From ""Dhurandhar"")",Shashwat Sachdev; Madhubanti Bagchi; Jasmine Sandlas,"Shararat (From ""Dhurandhar"")",2025-12-01,3.73,False,https://open.spotify.com/track/0uvnGQnVe313EXePbRnZEH
all time,43,safety net (feat. Ty Dolla $ign),Ariana Grande; Ty Dolla $ign,Positions,2020-10-30,3.47,False,https://open.spotify.com/track/14gkWVFMwdxBMyqBw1wmIg
all time,44,Sadqay,Aashir Wajahat; NAYEL; Nehaal Naseem,Sadqay,2024-02-01,2.57,False,https://open.spotify.com/track/2lX53kXvYnvpV8Vqfe4S7s
all time,45,"I Love You, I'm Sorry",Gracie Abrams,The Secret of Us,2024-06-21,2.62,True,https://open.spotify.com/track/51rfRCiUSvxXlCSCfIztBy
all time,46,ghostin,Ariana Grande,"thank u, next",2019-02-08,4.52,False,https://open.spotify.com/track/2vdBo4ALPYbHRUPKgtE5iC
all time,47,Beauty And A Beat,Justin Bieber; Nicki Minaj,Believe (Deluxe Edition),2012-06-15,3.8,False,https://open.spotify.com/track/190jyVPHYjAqEaOGmMzdyk
all time,48,34+35,Ariana Grande,Positions,2020-10-30,2.9,True,https://open.spotify.com/track/6Im9k8u9iIzKMrmV7BWtlF
all time,49,"34+35 Remix (feat. Doja Cat, Megan Thee Stallion) - Remix",Ariana Grande; Doja Cat; Megan Thee Stallion,34+35 (Remix),2021-01-15,3.04,True,https://open.spotify.com/track/3jjBPF4NDMCU51psU8JPpR
all time,50,One Last Time - Instrumental,Ariana Grande,One Last Time,2014-08-22,3.31,False,https://open.spotify.com/track/4VlyINESDLEOklzN6JCQtE
